File,Description,mean_W,ci_low_W,ci_high_W,mean_U,ci_low_U,ci_high_U,max_W,ci_low_max_W,ci_high_max_W,min_W,ci_low_min_W,ci_high_min_W,mean_utilization_Q1,ci_low_utilization_Q1,ci_high_utilization_Q1,mean_utilization_Q2,ci_low_utilization_Q2,ci_high_utilization_Q2,mean_queueLength_Q1,mean_queueLength_Q2,queueLength_Q1,queueLength_Q2
Config1,"Configuration with Strategy=0, N=2, lambda=1.25s, m1=0.25s, m2=0.25s, pDistribution = uniform(1, 3), vDistribution = uniform(14, 16)",1.5947207252539086,1.5750058970566512,1.614435553451166,12.071148518654491,12.051433690457234,12.090863346851748,8.511682583769,1.5750058970566512,1.614435553451166,0.021787116948,1.5750058970566512,1.614435553451166,6.713211600429645e-05,6.608595491212884e-05,6.817827709646407e-05,4.201680672268906e-05,4.148296333568163e-05,4.2550650109696495e-05,1.867749731471536,0.5,[1. 0. 1. ... 2. 1. 0.],[1. 0. 1. ... 0. 1. 0.]
Config2,"Configuration with Strategy=1, N=2, lambda=1.25s, m1=0.25s, m2=0.25s, pDistribution = uniform(1, 3), vDistribution = uniform(14, 16)",1.2507078460239347,1.2310089743618005,1.270406717686069,12.415161397884466,12.395462526222332,12.4348602695466,9.904281642822,1.2310089743618005,1.270406717686069,0.003998394803,1.2310089743618005,1.270406717686069,6.575486586007364e-05,6.462584547393704e-05,6.688388624621025e-05,6.872379905161155e-05,6.76071157133275e-05,6.98404823898956e-05,1.7290899526564967,0.5000343618995258,[1. 0. 1. ... 2. 3. 4.],[1. 0. 1. ... 1. 0. 1.]
Config3,"Configuration with Strategy=0, N=3, lambda=1.25s, m1=0.25s, m2=0.25s, pDistribution = uniform(1, 3), vDistribution = uniform(14, 16)",2.1001605961854524,2.0775833443391343,2.1227378480317705,11.565708647722948,11.54313139587663,11.588285899569266,10.51690864181,2.0775833443391343,2.1227378480317705,0.07020994391,2.0775833443391343,2.1227378480317705,6.58718134510243e-05,6.484060357601169e-05,6.690302332603692e-05,4.160426027625229e-05,4.129443836834068e-05,4.19140821841639e-05,2.029839931493314,1.1666666666666667,[1. 2. 1. ... 1. 2. 1.],[1. 2. 1. ... 2. 1. 0.]
Config4,"Configuration with Strategy=1, N=3, lambda=1.25s, m1=0.25s, m2=0.25s, pDistribution = uniform(1, 3), vDistribution = uniform(14, 16)",1.3062674575293134,1.285741780132224,1.3267931349264028,12.359601786379088,12.339076108981999,12.380127463776176,10.230678172972,1.285741780132224,1.3267931349264028,0.003998394803,1.285741780132224,1.3267931349264028,6.575054244197515e-05,6.457711490079419e-05,6.692396998315612e-05,6.724949562878279e-05,6.64505089080345e-05,6.804848234953107e-05,1.613715563153396,0.9547410894418292,[1. 0. 1. ... 3. 4. 3.],[1. 2. 1. ... 0. 1. 2.]
Config5,"Configuration with Strategy=0, N=2, lambda=1.25s, m1=0.25s, m2=0.25s, pDistribution = uniform(1, 3), vDistribution = uniform(18, 20)",1.5947207252539086,1.5750058970566512,1.614435553451166,16.07114851865449,16.05143369045723,16.090863346851748,8.511682583769,1.5750058970566512,1.614435553451166,0.021787116948,1.5750058970566512,1.614435553451166,6.713211600429645e-05,6.608595491212884e-05,6.817827709646407e-05,4.201680672268906e-05,4.148296333568163e-05,4.2550650109696495e-05,1.867749731471536,0.5,[1. 0. 1. ... 2. 1. 0.],[1. 0. 1. ... 0. 1. 0.]
Config6,"Configuration with Strategy=1, N=2, lambda=1.25s, m1=0.25s, m2=0.25s, pDistribution = uniform(1, 3), vDistribution = uniform(18, 20)",1.2507078460239347,1.2310089743618005,1.270406717686069,16.415161397884464,16.39546252622233,16.434860269546597,9.904281642822,1.2310089743618005,1.270406717686069,0.003998394803,1.2310089743618005,1.270406717686069,6.575486586007364e-05,6.462584547393704e-05,6.688388624621025e-05,6.872379905161155e-05,6.76071157133275e-05,6.98404823898956e-05,1.7290899526564967,0.5000343618995258,[1. 0. 1. ... 2. 3. 4.],[1. 0. 1. ... 1. 0. 1.]
Config7,"Configuration with Strategy=0, N=3, lambda=1.25s, m1=0.25s, m2=0.25s, pDistribution = uniform(1, 3), vDistribution = uniform(18, 20)",2.1001605961854524,2.0775833443391343,2.1227378480317705,15.565708647722948,15.54313139587663,15.588285899569266,10.51690864181,2.0775833443391343,2.1227378480317705,0.07020994391,2.0775833443391343,2.1227378480317705,6.58718134510243e-05,6.484060357601169e-05,6.690302332603692e-05,4.160426027625229e-05,4.129443836834068e-05,4.19140821841639e-05,2.029839931493314,1.1666666666666667,[1. 2. 1. ... 1. 2. 1.],[1. 2. 1. ... 2. 1. 0.]
Config8,"Configuration with Strategy=1, N=3, lambda=1.25s, m1=0.25s, m2=0.25s, pDistribution = uniform(1, 3), vDistribution = uniform(18, 20)",1.3062674575293134,1.285741780132224,1.3267931349264028,16.359601786379088,16.339076108982,16.380127463776176,10.230678172972,1.285741780132224,1.3267931349264028,0.003998394803,1.285741780132224,1.3267931349264028,6.575054244197515e-05,6.457711490079419e-05,6.692396998315612e-05,6.724949562878279e-05,6.64505089080345e-05,6.804848234953107e-05,1.613715563153396,0.9547410894418292,[1. 0. 1. ... 3. 4. 3.],[1. 2. 1. ... 0. 1. 2.]
Config9,"Configuration with Strategy=0, N=2, lambda=1.25s, m1=0.25s, m2=0.25s, pDistribution = uniform(1, 3), vDistribution = uniform(20, 22)",1.5947207252539086,1.5750058970566512,1.614435553451166,18.07114851865449,18.05143369045723,18.090863346851748,8.511682583769,1.5750058970566512,1.614435553451166,0.021787116948,1.5750058970566512,1.614435553451166,6.713211600429645e-05,6.608595491212884e-05,6.817827709646407e-05,4.201680672268906e-05,4.148296333568163e-05,4.2550650109696495e-05,1.867749731471536,0.5,[1. 0. 1. ... 2. 1. 0.],[1. 0. 1. ... 0. 1. 0.]
Config10,"Configuration with Strategy=1, N=2, lambda=1.25s, m1=0.25s, m2=0.25s, pDistribution = uniform(1, 3), vDistribution = uniform(20, 22)",1.2507078460239347,1.2310089743618005,1.270406717686069,18.415161397884464,18.39546252622233,18.434860269546597,9.904281642822,1.2310089743618005,1.270406717686069,0.003998394803,1.2310089743618005,1.270406717686069,6.575486586007364e-05,6.462584547393704e-05,6.688388624621025e-05,6.872379905161155e-05,6.76071157133275e-05,6.98404823898956e-05,1.7290899526564967,0.5000343618995258,[1. 0. 1. ... 2. 3. 4.],[1. 0. 1. ... 1. 0. 1.]
Config11,"Configuration with Strategy=0, N=3, lambda=1.25s, m1=0.25s, m2=0.25s, pDistribution = uniform(1, 3), vDistribution = uniform(20, 22)",2.1001605961854524,2.0775833443391343,2.1227378480317705,17.565708647722946,17.543131395876628,17.588285899569264,10.51690864181,2.0775833443391343,2.1227378480317705,0.07020994391,2.0775833443391343,2.1227378480317705,6.58718134510243e-05,6.484060357601169e-05,6.690302332603692e-05,4.160426027625229e-05,4.129443836834068e-05,4.19140821841639e-05,2.029839931493314,1.1666666666666667,[1. 2. 1. ... 1. 2. 1.],[1. 2. 1. ... 2. 1. 0.]
Config12,"Configuration with Strategy=1, N=3, lambda=1.25s, m1=0.25s, m2=0.25s, pDistribution = uniform(1, 3), vDistribution = uniform(20, 22)",1.3062674575293134,1.285741780132224,1.3267931349264028,18.359601786379084,18.339076108981995,18.380127463776173,10.230678172972,1.285741780132224,1.3267931349264028,0.003998394803,1.285741780132224,1.3267931349264028,6.575054244197515e-05,6.457711490079419e-05,6.692396998315612e-05,6.724949562878279e-05,6.64505089080345e-05,6.804848234953107e-05,1.613715563153396,0.9547410894418292,[1. 0. 1. ... 3. 4. 3.],[1. 2. 1. ... 0. 1. 2.]
Config13,"Configuration with Strategy=0, N=2, lambda=1.25s, m1=0.25s, m2=0.25s, pDistribution = uniform(4, 6), vDistribution = uniform(14, 16)",1.5947207252539086,1.5750058970566512,1.614435553451166,9.07114851865449,9.051433690457232,9.090863346851746,8.511682583769,1.5750058970566512,1.614435553451166,0.021787116948,1.5750058970566512,1.614435553451166,6.713211600429645e-05,6.608595491212884e-05,6.817827709646407e-05,4.201680672268906e-05,4.148296333568163e-05,4.2550650109696495e-05,1.867749731471536,0.5,[1. 0. 1. ... 2. 1. 0.],[1. 0. 1. ... 0. 1. 0.]
Config14,"Configuration with Strategy=1, N=2, lambda=1.25s, m1=0.25s, m2=0.25s, pDistribution = uniform(4, 6), vDistribution = uniform(14, 16)",1.2507078460239347,1.2310089743618005,1.270406717686069,9.415161397884466,9.395462526222332,9.4348602695466,9.904281642822,1.2310089743618005,1.270406717686069,0.003998394803,1.2310089743618005,1.270406717686069,6.575486586007364e-05,6.462584547393704e-05,6.688388624621025e-05,6.872379905161155e-05,6.76071157133275e-05,6.98404823898956e-05,1.7290899526564967,0.5000343618995258,[1. 0. 1. ... 2. 3. 4.],[1. 0. 1. ... 1. 0. 1.]
Config15,"Configuration with Strategy=0, N=3, lambda=1.25s, m1=0.25s, m2=0.25s, pDistribution = uniform(4, 6), vDistribution = uniform(14, 16)",2.1001605961854524,2.0775833443391343,2.1227378480317705,8.565708647722948,8.54313139587663,8.588285899569266,10.51690864181,2.0775833443391343,2.1227378480317705,0.07020994391,2.0775833443391343,2.1227378480317705,6.58718134510243e-05,6.484060357601169e-05,6.690302332603692e-05,4.160426027625229e-05,4.129443836834068e-05,4.19140821841639e-05,2.029839931493314,1.1666666666666667,[1. 2. 1. ... 1. 2. 1.],[1. 2. 1. ... 2. 1. 0.]
Config16,"Configuration with Strategy=1, N=3, lambda=1.25s, m1=0.25s, m2=0.25s, pDistribution = uniform(4, 6), vDistribution = uniform(14, 16)",1.3062674575293134,1.285741780132224,1.3267931349264028,9.359601786379086,9.339076108981997,9.380127463776175,10.230678172972,1.285741780132224,1.3267931349264028,0.003998394803,1.285741780132224,1.3267931349264028,6.575054244197515e-05,6.457711490079419e-05,6.692396998315612e-05,6.724949562878279e-05,6.64505089080345e-05,6.804848234953107e-05,1.613715563153396,0.9547410894418292,[1. 0. 1. ... 3. 4. 3.],[1. 2. 1. ... 0. 1. 2.]
Config17,"Configuration with Strategy=0, N=2, lambda=1.25s, m1=0.25s, m2=0.25s, pDistribution = uniform(4, 6), vDistribution = uniform(18, 20)",1.5947207252539086,1.5750058970566512,1.614435553451166,13.071148518654491,13.051433690457234,13.090863346851748,8.511682583769,1.5750058970566512,1.614435553451166,0.021787116948,1.5750058970566512,1.614435553451166,6.713211600429645e-05,6.608595491212884e-05,6.817827709646407e-05,4.201680672268906e-05,4.148296333568163e-05,4.2550650109696495e-05,1.867749731471536,0.5,[1. 0. 1. ... 2. 1. 0.],[1. 0. 1. ... 0. 1. 0.]
Config18,"Configuration with Strategy=1, N=2, lambda=1.25s, m1=0.25s, m2=0.25s, pDistribution = uniform(4, 6), vDistribution = uniform(18, 20)",1.2507078460239347,1.2310089743618005,1.270406717686069,13.415161397884464,13.39546252622233,13.434860269546599,9.904281642822,1.2310089743618005,1.270406717686069,0.003998394803,1.2310089743618005,1.270406717686069,6.575486586007364e-05,6.462584547393704e-05,6.688388624621025e-05,6.872379905161155e-05,6.76071157133275e-05,6.98404823898956e-05,1.7290899526564967,0.5000343618995258,[1. 0. 1. ... 2. 3. 4.],[1. 0. 1. ... 1. 0. 1.]
Config19,"Configuration with Strategy=0, N=3, lambda=1.25s, m1=0.25s, m2=0.25s, pDistribution = uniform(4, 6), vDistribution = uniform(18, 20)",2.1001605961854524,2.0775833443391343,2.1227378480317705,12.565708647722948,12.54313139587663,12.588285899569266,10.51690864181,2.0775833443391343,2.1227378480317705,0.07020994391,2.0775833443391343,2.1227378480317705,6.58718134510243e-05,6.484060357601169e-05,6.690302332603692e-05,4.160426027625229e-05,4.129443836834068e-05,4.19140821841639e-05,2.029839931493314,1.1666666666666667,[1. 2. 1. ... 1. 2. 1.],[1. 2. 1. ... 2. 1. 0.]
Config20,"Configuration with Strategy=1, N=3, lambda=1.25s, m1=0.25s, m2=0.25s, pDistribution = uniform(4, 6), vDistribution = uniform(18, 20)",1.3062674575293134,1.285741780132224,1.3267931349264028,13.359601786379088,13.339076108981999,13.380127463776176,10.230678172972,1.285741780132224,1.3267931349264028,0.003998394803,1.285741780132224,1.3267931349264028,6.575054244197515e-05,6.457711490079419e-05,6.692396998315612e-05,6.724949562878279e-05,6.64505089080345e-05,6.804848234953107e-05,1.613715563153396,0.9547410894418292,[1. 0. 1. ... 3. 4. 3.],[1. 2. 1. ... 0. 1. 2.]
Config21,"Configuration with Strategy=0, N=2, lambda=1.25s, m1=0.25s, m2=0.25s, pDistribution = uniform(4, 6), vDistribution = uniform(20, 22)",1.5947207252539086,1.5750058970566512,1.614435553451166,15.071148518654491,15.051433690457234,15.090863346851748,8.511682583769,1.5750058970566512,1.614435553451166,0.021787116948,1.5750058970566512,1.614435553451166,6.713211600429645e-05,6.608595491212884e-05,6.817827709646407e-05,4.201680672268906e-05,4.148296333568163e-05,4.2550650109696495e-05,1.867749731471536,0.5,[1. 0. 1. ... 2. 1. 0.],[1. 0. 1. ... 0. 1. 0.]
Config22,"Configuration with Strategy=1, N=2, lambda=1.25s, m1=0.25s, m2=0.25s, pDistribution = uniform(4, 6), vDistribution = uniform(20, 22)",1.2507078460239347,1.2310089743618005,1.270406717686069,15.415161397884464,15.39546252622233,15.434860269546599,9.904281642822,1.2310089743618005,1.270406717686069,0.003998394803,1.2310089743618005,1.270406717686069,6.575486586007364e-05,6.462584547393704e-05,6.688388624621025e-05,6.872379905161155e-05,6.76071157133275e-05,6.98404823898956e-05,1.7290899526564967,0.5000343618995258,[1. 0. 1. ... 2. 3. 4.],[1. 0. 1. ... 1. 0. 1.]
Config23,"Configuration with Strategy=0, N=3, lambda=1.25s, m1=0.25s, m2=0.25s, pDistribution = uniform(4, 6), vDistribution = uniform(20, 22)",2.1001605961854524,2.0775833443391343,2.1227378480317705,14.565708647722948,14.54313139587663,14.588285899569266,10.51690864181,2.0775833443391343,2.1227378480317705,0.07020994391,2.0775833443391343,2.1227378480317705,6.58718134510243e-05,6.484060357601169e-05,6.690302332603692e-05,4.160426027625229e-05,4.129443836834068e-05,4.19140821841639e-05,2.029839931493314,1.1666666666666667,[1. 2. 1. ... 1. 2. 1.],[1. 2. 1. ... 2. 1. 0.]
Config24,"Configuration with Strategy=1, N=3, lambda=1.25s, m1=0.25s, m2=0.25s, pDistribution = uniform(4, 6), vDistribution = uniform(20, 22)",1.3062674575293134,1.285741780132224,1.3267931349264028,15.359601786379088,15.339076108981999,15.380127463776176,10.230678172972,1.285741780132224,1.3267931349264028,0.003998394803,1.285741780132224,1.3267931349264028,6.575054244197515e-05,6.457711490079419e-05,6.692396998315612e-05,6.724949562878279e-05,6.64505089080345e-05,6.804848234953107e-05,1.613715563153396,0.9547410894418292,[1. 0. 1. ... 3. 4. 3.],[1. 2. 1. ... 0. 1. 2.]
Config25,"Configuration with Strategy=0, N=2, lambda=1.25s, m1=0.25s, m2=0.25s, pDistribution = uniform(8, 10), vDistribution = uniform(14, 16)",1.5947207252539086,1.5750058970566512,1.614435553451166,5.071148518654492,5.051433690457235,5.090863346851749,8.511682583769,1.5750058970566512,1.614435553451166,0.021787116948,1.5750058970566512,1.614435553451166,6.713211600429645e-05,6.608595491212884e-05,6.817827709646407e-05,4.201680672268906e-05,4.148296333568163e-05,4.2550650109696495e-05,1.867749731471536,0.5,[1. 0. 1. ... 2. 1. 0.],[1. 0. 1. ... 0. 1. 0.]
Config26,"Configuration with Strategy=1, N=2, lambda=1.25s, m1=0.25s, m2=0.25s, pDistribution = uniform(8, 10), vDistribution = uniform(14, 16)",1.2507078460239347,1.2310089743618005,1.270406717686069,5.415161397884465,5.395462526222331,5.4348602695466,9.904281642822,1.2310089743618005,1.270406717686069,0.003998394803,1.2310089743618005,1.270406717686069,6.575486586007364e-05,6.462584547393704e-05,6.688388624621025e-05,6.872379905161155e-05,6.76071157133275e-05,6.98404823898956e-05,1.7290899526564967,0.5000343618995258,[1. 0. 1. ... 2. 3. 4.],[1. 0. 1. ... 1. 0. 1.]
Config27,"Configuration with Strategy=0, N=3, lambda=1.25s, m1=0.25s, m2=0.25s, pDistribution = uniform(8, 10), vDistribution = uniform(14, 16)",2.1001605961854524,2.0775833443391343,2.1227378480317705,4.565708647722948,4.54313139587663,4.588285899569266,10.51690864181,2.0775833443391343,2.1227378480317705,0.07020994391,2.0775833443391343,2.1227378480317705,6.58718134510243e-05,6.484060357601169e-05,6.690302332603692e-05,4.160426027625229e-05,4.129443836834068e-05,4.19140821841639e-05,2.029839931493314,1.1666666666666667,[1. 2. 1. ... 1. 2. 1.],[1. 2. 1. ... 2. 1. 0.]
Config28,"Configuration with Strategy=1, N=3, lambda=1.25s, m1=0.25s, m2=0.25s, pDistribution = uniform(8, 10), vDistribution = uniform(14, 16)",1.3062674575293134,1.285741780132224,1.3267931349264028,5.359601786379087,5.339076108981997,5.3801274637761765,10.230678172972,1.285741780132224,1.3267931349264028,0.003998394803,1.285741780132224,1.3267931349264028,6.575054244197515e-05,6.457711490079419e-05,6.692396998315612e-05,6.724949562878279e-05,6.64505089080345e-05,6.804848234953107e-05,1.613715563153396,0.9547410894418292,[1. 0. 1. ... 3. 4. 3.],[1. 2. 1. ... 0. 1. 2.]
Config29,"Configuration with Strategy=0, N=2, lambda=1.25s, m1=0.25s, m2=0.25s, pDistribution = uniform(8, 10), vDistribution = uniform(18, 20)",1.5947207252539086,1.5750058970566512,1.614435553451166,9.07114851865449,9.051433690457232,9.090863346851746,8.511682583769,1.5750058970566512,1.614435553451166,0.021787116948,1.5750058970566512,1.614435553451166,6.713211600429645e-05,6.608595491212884e-05,6.817827709646407e-05,4.201680672268906e-05,4.148296333568163e-05,4.2550650109696495e-05,1.867749731471536,0.5,[1. 0. 1. ... 2. 1. 0.],[1. 0. 1. ... 0. 1. 0.]
Config30,"Configuration with Strategy=1, N=2, lambda=1.25s, m1=0.25s, m2=0.25s, pDistribution = uniform(8, 10), vDistribution = uniform(18, 20)",1.2507078460239347,1.2310089743618005,1.270406717686069,9.415161397884466,9.395462526222332,9.4348602695466,9.904281642822,1.2310089743618005,1.270406717686069,0.003998394803,1.2310089743618005,1.270406717686069,6.575486586007364e-05,6.462584547393704e-05,6.688388624621025e-05,6.872379905161155e-05,6.76071157133275e-05,6.98404823898956e-05,1.7290899526564967,0.5000343618995258,[1. 0. 1. ... 2. 3. 4.],[1. 0. 1. ... 1. 0. 1.]
Config31,"Configuration with Strategy=0, N=3, lambda=1.25s, m1=0.25s, m2=0.25s, pDistribution = uniform(8, 10), vDistribution = uniform(18, 20)",2.1001605961854524,2.0775833443391343,2.1227378480317705,8.565708647722948,8.54313139587663,8.588285899569266,10.51690864181,2.0775833443391343,2.1227378480317705,0.07020994391,2.0775833443391343,2.1227378480317705,6.58718134510243e-05,6.484060357601169e-05,6.690302332603692e-05,4.160426027625229e-05,4.129443836834068e-05,4.19140821841639e-05,2.029839931493314,1.1666666666666667,[1. 2. 1. ... 1. 2. 1.],[1. 2. 1. ... 2. 1. 0.]
Config32,"Configuration with Strategy=1, N=3, lambda=1.25s, m1=0.25s, m2=0.25s, pDistribution = uniform(8, 10), vDistribution = uniform(18, 20)",1.3062674575293134,1.285741780132224,1.3267931349264028,9.359601786379086,9.339076108981997,9.380127463776175,10.230678172972,1.285741780132224,1.3267931349264028,0.003998394803,1.285741780132224,1.3267931349264028,6.575054244197515e-05,6.457711490079419e-05,6.692396998315612e-05,6.724949562878279e-05,6.64505089080345e-05,6.804848234953107e-05,1.613715563153396,0.9547410894418292,[1. 0. 1. ... 3. 4. 3.],[1. 2. 1. ... 0. 1. 2.]
Config33,"Configuration with Strategy=0, N=2, lambda=1.25s, m1=0.25s, m2=0.25s, pDistribution = uniform(8, 10), vDistribution = uniform(20, 22)",1.5947207252539086,1.5750058970566512,1.614435553451166,11.07114851865449,11.051433690457232,11.090863346851746,8.511682583769,1.5750058970566512,1.614435553451166,0.021787116948,1.5750058970566512,1.614435553451166,6.713211600429645e-05,6.608595491212884e-05,6.817827709646407e-05,4.201680672268906e-05,4.148296333568163e-05,4.2550650109696495e-05,1.867749731471536,0.5,[1. 0. 1. ... 2. 1. 0.],[1. 0. 1. ... 0. 1. 0.]
Config34,"Configuration with Strategy=1, N=2, lambda=1.25s, m1=0.25s, m2=0.25s, pDistribution = uniform(8, 10), vDistribution = uniform(20, 22)",1.2507078460239347,1.2310089743618005,1.270406717686069,11.415161397884466,11.395462526222332,11.4348602695466,9.904281642822,1.2310089743618005,1.270406717686069,0.003998394803,1.2310089743618005,1.270406717686069,6.575486586007364e-05,6.462584547393704e-05,6.688388624621025e-05,6.872379905161155e-05,6.76071157133275e-05,6.98404823898956e-05,1.7290899526564967,0.5000343618995258,[1. 0. 1. ... 2. 3. 4.],[1. 0. 1. ... 1. 0. 1.]
Config35,"Configuration with Strategy=0, N=3, lambda=1.25s, m1=0.25s, m2=0.25s, pDistribution = uniform(8, 10), vDistribution = uniform(20, 22)",2.1001605961854524,2.0775833443391343,2.1227378480317705,10.565708647722948,10.54313139587663,10.588285899569266,10.51690864181,2.0775833443391343,2.1227378480317705,0.07020994391,2.0775833443391343,2.1227378480317705,6.58718134510243e-05,6.484060357601169e-05,6.690302332603692e-05,4.160426027625229e-05,4.129443836834068e-05,4.19140821841639e-05,2.029839931493314,1.1666666666666667,[1. 2. 1. ... 1. 2. 1.],[1. 2. 1. ... 2. 1. 0.]
Config36,"Configuration with Strategy=1, N=3, lambda=1.25s, m1=0.25s, m2=0.25s, pDistribution = uniform(8, 10), vDistribution = uniform(20, 22)",1.3062674575293134,1.285741780132224,1.3267931349264028,11.359601786379086,11.339076108981997,11.380127463776175,10.230678172972,1.285741780132224,1.3267931349264028,0.003998394803,1.285741780132224,1.3267931349264028,6.575054244197515e-05,6.457711490079419e-05,6.692396998315612e-05,6.724949562878279e-05,6.64505089080345e-05,6.804848234953107e-05,1.613715563153396,0.9547410894418292,[1. 0. 1. ... 3. 4. 3.],[1. 2. 1. ... 0. 1. 2.]
Config37,"Configuration with Strategy=0, N=2, lambda=2s, m1=0.25s, m2=0.25s, pDistribution = uniform(1, 3), vDistribution = uniform(14, 16)",15.950338840082567,15.754629075308053,16.146048604857082,-2.284469596174167,-2.480179360948682,-2.088759831399652,76.774066250424,15.754629075308053,16.146048604857082,0.032146912481,15.754629075308053,16.146048604857082,2.704822698872089e-05,2.680248448162745e-05,2.729396949581433e-05,2.6603527627763437e-05,2.6334581595894846e-05,2.6872473659632027e-05,31.270698655703118,0.5000133017638139,[ 0.  1.  2. ... 40. 39. 40.],[1. 0. 1. ... 1. 0. 1.]
Config38,"Configuration with Strategy=1, N=2, lambda=2s, m1=0.25s, m2=0.25s, pDistribution = uniform(1, 3), vDistribution = uniform(14, 16)",22.223818336934308,22.013612557484592,22.434024116384023,-8.557949093025904,-8.768154872475622,-8.347743313576187,71.237738055746,22.013612557484592,22.434024116384023,0.040307537842,22.013612557484592,22.434024116384023,2.6689441656880537e-05,2.6506443755072042e-05,2.687243955868903e-05,2.675370538819628e-05,2.6482471546747316e-05,2.702493922964524e-05,43.60243407707911,0.5,[ 5.  6.  5. ... 50. 49. 50.],[0. 1. 0. ... 1. 0. 1.]
Config39,"Configuration with Strategy=0, N=3, lambda=2s, m1=0.25s, m2=0.25s, pDistribution = uniform(1, 3), vDistribution = uniform(14, 16)",23.986172488795944,23.75717549856385,24.215169479028038,-10.320303244887548,-10.549300235119642,-10.091306254655454,74.332700282718,23.75717549856385,24.215169479028038,0.197649702537,23.75717549856385,24.215169479028038,2.6794566062002632e-05,2.66072393536805e-05,2.6981892770324764e-05,2.6460626587637594e-05,2.6303490544913035e-05,2.6617762630362154e-05,46.80003215347927,1.1667019475021168,[32. 33. 32. ...  2.  1.  2.],[1. 2. 1. ... 2. 1. 2.]
Config40,"Configuration with Strategy=1, N=3, lambda=2s, m1=0.25s, m2=0.25s, pDistribution = uniform(1, 3), vDistribution = uniform(14, 16)",22.34725243165853,22.13701611641929,22.557488746897768,-8.68138318775013,-8.89161950298937,-8.471146872510891,71.329022102123,22.13701611641929,22.557488746897768,0.040307537842,22.13701611641929,22.557488746897768,2.6689441656880537e-05,2.6505433534397964e-05,2.687344977936311e-05,2.6736538153039942e-05,2.657594684881682e-05,2.6897129457263066e-05,43.35662431941924,1.1615689000588203,[ 5.  6.  7. ... 48. 49. 50.],[2. 1. 2. ... 1. 2. 1.]
Config41,"Configuration with Strategy=0, N=2, lambda=2s, m1=0.25s, m2=0.25s, pDistribution = uniform(1, 3), vDistribution = uniform(18, 20)",15.950338840082567,15.754629075308053,16.146048604857082,1.7155304038258337,1.5198206390513183,1.911240168600349,76.774066250424,15.754629075308053,16.146048604857082,0.032146912481,15.754629075308053,16.146048604857082,2.704822698872089e-05,2.680248448162745e-05,2.729396949581433e-05,2.6603527627763437e-05,2.6334581595894846e-05,2.6872473659632027e-05,31.270698655703118,0.5000133017638139,[ 0.  1.  2. ... 40. 39. 40.],[1. 0. 1. ... 1. 0. 1.]
Config42,"Configuration with Strategy=1, N=2, lambda=2s, m1=0.25s, m2=0.25s, pDistribution = uniform(1, 3), vDistribution = uniform(18, 20)",22.223818336934308,22.013612557484592,22.434024116384023,-4.557949093025904,-4.7681548724756215,-4.347743313576187,71.237738055746,22.013612557484592,22.434024116384023,0.040307537842,22.013612557484592,22.434024116384023,2.6689441656880537e-05,2.6506443755072042e-05,2.687243955868903e-05,2.675370538819628e-05,2.6482471546747316e-05,2.702493922964524e-05,43.60243407707911,0.5,[ 5.  6.  5. ... 50. 49. 50.],[0. 1. 0. ... 1. 0. 1.]
Config43,"Configuration with Strategy=0, N=3, lambda=2s, m1=0.25s, m2=0.25s, pDistribution = uniform(1, 3), vDistribution = uniform(18, 20)",23.986172488795944,23.75717549856385,24.215169479028038,-6.320303244887547,-6.54930023511964,-6.0913062546554535,74.332700282718,23.75717549856385,24.215169479028038,0.197649702537,23.75717549856385,24.215169479028038,2.6794566062002632e-05,2.66072393536805e-05,2.6981892770324764e-05,2.6460626587637594e-05,2.6303490544913035e-05,2.6617762630362154e-05,46.80003215347927,1.1667019475021168,[32. 33. 32. ...  2.  1.  2.],[1. 2. 1. ... 2. 1. 2.]
Config44,"Configuration with Strategy=1, N=3, lambda=2s, m1=0.25s, m2=0.25s, pDistribution = uniform(1, 3), vDistribution = uniform(18, 20)",22.34725243165853,22.13701611641929,22.557488746897768,-4.681383187750131,-4.8916195029893705,-4.471146872510892,71.329022102123,22.13701611641929,22.557488746897768,0.040307537842,22.13701611641929,22.557488746897768,2.6689441656880537e-05,2.6505433534397964e-05,2.687344977936311e-05,2.6736538153039942e-05,2.657594684881682e-05,2.6897129457263066e-05,43.35662431941924,1.1615689000588203,[ 5.  6.  7. ... 48. 49. 50.],[2. 1. 2. ... 1. 2. 1.]
Config45,"Configuration with Strategy=0, N=2, lambda=2s, m1=0.25s, m2=0.25s, pDistribution = uniform(1, 3), vDistribution = uniform(20, 22)",15.950338840082567,15.754629075308053,16.146048604857082,3.715530403825834,3.5198206390513187,3.911240168600349,76.774066250424,15.754629075308053,16.146048604857082,0.032146912481,15.754629075308053,16.146048604857082,2.704822698872089e-05,2.680248448162745e-05,2.729396949581433e-05,2.6603527627763437e-05,2.6334581595894846e-05,2.6872473659632027e-05,31.270698655703118,0.5000133017638139,[ 0.  1.  2. ... 40. 39. 40.],[1. 0. 1. ... 1. 0. 1.]
Config46,"Configuration with Strategy=1, N=2, lambda=2s, m1=0.25s, m2=0.25s, pDistribution = uniform(1, 3), vDistribution = uniform(20, 22)",22.223818336934308,22.013612557484592,22.434024116384023,-2.557949093025904,-2.7681548724756215,-2.3477433135761867,71.237738055746,22.013612557484592,22.434024116384023,0.040307537842,22.013612557484592,22.434024116384023,2.6689441656880537e-05,2.6506443755072042e-05,2.687243955868903e-05,2.675370538819628e-05,2.6482471546747316e-05,2.702493922964524e-05,43.60243407707911,0.5,[ 5.  6.  5. ... 50. 49. 50.],[0. 1. 0. ... 1. 0. 1.]
Config47,"Configuration with Strategy=0, N=3, lambda=2s, m1=0.25s, m2=0.25s, pDistribution = uniform(1, 3), vDistribution = uniform(20, 22)",23.986172488795944,23.75717549856385,24.215169479028038,-4.320303244887545,-4.549300235119638,-4.091306254655452,74.332700282718,23.75717549856385,24.215169479028038,0.197649702537,23.75717549856385,24.215169479028038,2.6794566062002632e-05,2.66072393536805e-05,2.6981892770324764e-05,2.6460626587637594e-05,2.6303490544913035e-05,2.6617762630362154e-05,46.80003215347927,1.1667019475021168,[32. 33. 32. ...  2.  1.  2.],[1. 2. 1. ... 2. 1. 2.]
Config48,"Configuration with Strategy=1, N=3, lambda=2s, m1=0.25s, m2=0.25s, pDistribution = uniform(1, 3), vDistribution = uniform(20, 22)",22.34725243165853,22.13701611641929,22.557488746897768,-2.6813831877501313,-2.891619502989371,-2.4711468725108916,71.329022102123,22.13701611641929,22.557488746897768,0.040307537842,22.13701611641929,22.557488746897768,2.6689441656880537e-05,2.6505433534397964e-05,2.687344977936311e-05,2.6736538153039942e-05,2.657594684881682e-05,2.6897129457263066e-05,43.35662431941924,1.1615689000588203,[ 5.  6.  7. ... 48. 49. 50.],[2. 1. 2. ... 1. 2. 1.]
Config49,"Configuration with Strategy=0, N=2, lambda=2s, m1=0.25s, m2=0.25s, pDistribution = uniform(4, 6), vDistribution = uniform(14, 16)",15.950338840082567,15.754629075308053,16.146048604857082,-5.2844695961741674,-5.480179360948683,-5.088759831399652,76.774066250424,15.754629075308053,16.146048604857082,0.032146912481,15.754629075308053,16.146048604857082,2.704822698872089e-05,2.680248448162745e-05,2.729396949581433e-05,2.6603527627763437e-05,2.6334581595894846e-05,2.6872473659632027e-05,31.270698655703118,0.5000133017638139,[ 0.  1.  2. ... 40. 39. 40.],[1. 0. 1. ... 1. 0. 1.]
Config50,"Configuration with Strategy=1, N=2, lambda=2s, m1=0.25s, m2=0.25s, pDistribution = uniform(4, 6), vDistribution = uniform(14, 16)",22.223818336934308,22.013612557484592,22.434024116384023,-11.557949093025902,-11.76815487247562,-11.347743313576185,71.237738055746,22.013612557484592,22.434024116384023,0.040307537842,22.013612557484592,22.434024116384023,2.6689441656880537e-05,2.6506443755072042e-05,2.687243955868903e-05,2.675370538819628e-05,2.6482471546747316e-05,2.702493922964524e-05,43.60243407707911,0.5,[ 5.  6.  5. ... 50. 49. 50.],[0. 1. 0. ... 1. 0. 1.]
Config51,"Configuration with Strategy=0, N=3, lambda=2s, m1=0.25s, m2=0.25s, pDistribution = uniform(4, 6), vDistribution = uniform(14, 16)",23.986172488795944,23.75717549856385,24.215169479028038,-13.320303244887546,-13.54930023511964,-13.091306254655452,74.332700282718,23.75717549856385,24.215169479028038,0.197649702537,23.75717549856385,24.215169479028038,2.6794566062002632e-05,2.66072393536805e-05,2.6981892770324764e-05,2.6460626587637594e-05,2.6303490544913035e-05,2.6617762630362154e-05,46.80003215347927,1.1667019475021168,[32. 33. 32. ...  2.  1.  2.],[1. 2. 1. ... 2. 1. 2.]
Config52,"Configuration with Strategy=1, N=3, lambda=2s, m1=0.25s, m2=0.25s, pDistribution = uniform(4, 6), vDistribution = uniform(14, 16)",22.34725243165853,22.13701611641929,22.557488746897768,-11.68138318775013,-11.89161950298937,-11.471146872510891,71.329022102123,22.13701611641929,22.557488746897768,0.040307537842,22.13701611641929,22.557488746897768,2.6689441656880537e-05,2.6505433534397964e-05,2.687344977936311e-05,2.6736538153039942e-05,2.657594684881682e-05,2.6897129457263066e-05,43.35662431941924,1.1615689000588203,[ 5.  6.  7. ... 48. 49. 50.],[2. 1. 2. ... 1. 2. 1.]
Config53,"Configuration with Strategy=0, N=2, lambda=2s, m1=0.25s, m2=0.25s, pDistribution = uniform(4, 6), vDistribution = uniform(18, 20)",15.950338840082567,15.754629075308053,16.146048604857082,-1.2844695961741668,-1.4801793609486822,-1.0887598313996514,76.774066250424,15.754629075308053,16.146048604857082,0.032146912481,15.754629075308053,16.146048604857082,2.704822698872089e-05,2.680248448162745e-05,2.729396949581433e-05,2.6603527627763437e-05,2.6334581595894846e-05,2.6872473659632027e-05,31.270698655703118,0.5000133017638139,[ 0.  1.  2. ... 40. 39. 40.],[1. 0. 1. ... 1. 0. 1.]
Config54,"Configuration with Strategy=1, N=2, lambda=2s, m1=0.25s, m2=0.25s, pDistribution = uniform(4, 6), vDistribution = uniform(18, 20)",22.223818336934308,22.013612557484592,22.434024116384023,-7.557949093025904,-7.7681548724756215,-7.347743313576187,71.237738055746,22.013612557484592,22.434024116384023,0.040307537842,22.013612557484592,22.434024116384023,2.6689441656880537e-05,2.6506443755072042e-05,2.687243955868903e-05,2.675370538819628e-05,2.6482471546747316e-05,2.702493922964524e-05,43.60243407707911,0.5,[ 5.  6.  5. ... 50. 49. 50.],[0. 1. 0. ... 1. 0. 1.]
Config55,"Configuration with Strategy=0, N=3, lambda=2s, m1=0.25s, m2=0.25s, pDistribution = uniform(4, 6), vDistribution = uniform(18, 20)",23.986172488795944,23.75717549856385,24.215169479028038,-9.320303244887548,-9.549300235119642,-9.091306254655454,74.332700282718,23.75717549856385,24.215169479028038,0.197649702537,23.75717549856385,24.215169479028038,2.6794566062002632e-05,2.66072393536805e-05,2.6981892770324764e-05,2.6460626587637594e-05,2.6303490544913035e-05,2.6617762630362154e-05,46.80003215347927,1.1667019475021168,[32. 33. 32. ...  2.  1.  2.],[1. 2. 1. ... 2. 1. 2.]
Config56,"Configuration with Strategy=1, N=3, lambda=2s, m1=0.25s, m2=0.25s, pDistribution = uniform(4, 6), vDistribution = uniform(18, 20)",22.34725243165853,22.13701611641929,22.557488746897768,-7.68138318775013,-7.89161950298937,-7.471146872510891,71.329022102123,22.13701611641929,22.557488746897768,0.040307537842,22.13701611641929,22.557488746897768,2.6689441656880537e-05,2.6505433534397964e-05,2.687344977936311e-05,2.6736538153039942e-05,2.657594684881682e-05,2.6897129457263066e-05,43.35662431941924,1.1615689000588203,[ 5.  6.  7. ... 48. 49. 50.],[2. 1. 2. ... 1. 2. 1.]
Config57,"Configuration with Strategy=0, N=2, lambda=2s, m1=0.25s, m2=0.25s, pDistribution = uniform(4, 6), vDistribution = uniform(20, 22)",15.950338840082567,15.754629075308053,16.146048604857082,0.7155304038258333,0.519820639051318,0.9112401686003486,76.774066250424,15.754629075308053,16.146048604857082,0.032146912481,15.754629075308053,16.146048604857082,2.704822698872089e-05,2.680248448162745e-05,2.729396949581433e-05,2.6603527627763437e-05,2.6334581595894846e-05,2.6872473659632027e-05,31.270698655703118,0.5000133017638139,[ 0.  1.  2. ... 40. 39. 40.],[1. 0. 1. ... 1. 0. 1.]
Config58,"Configuration with Strategy=1, N=2, lambda=2s, m1=0.25s, m2=0.25s, pDistribution = uniform(4, 6), vDistribution = uniform(20, 22)",22.223818336934308,22.013612557484592,22.434024116384023,-5.557949093025904,-5.7681548724756215,-5.347743313576187,71.237738055746,22.013612557484592,22.434024116384023,0.040307537842,22.013612557484592,22.434024116384023,2.6689441656880537e-05,2.6506443755072042e-05,2.687243955868903e-05,2.675370538819628e-05,2.6482471546747316e-05,2.702493922964524e-05,43.60243407707911,0.5,[ 5.  6.  5. ... 50. 49. 50.],[0. 1. 0. ... 1. 0. 1.]
Config59,"Configuration with Strategy=0, N=3, lambda=2s, m1=0.25s, m2=0.25s, pDistribution = uniform(4, 6), vDistribution = uniform(20, 22)",23.986172488795944,23.75717549856385,24.215169479028038,-7.320303244887547,-7.54930023511964,-7.0913062546554535,74.332700282718,23.75717549856385,24.215169479028038,0.197649702537,23.75717549856385,24.215169479028038,2.6794566062002632e-05,2.66072393536805e-05,2.6981892770324764e-05,2.6460626587637594e-05,2.6303490544913035e-05,2.6617762630362154e-05,46.80003215347927,1.1667019475021168,[32. 33. 32. ...  2.  1.  2.],[1. 2. 1. ... 2. 1. 2.]
Config60,"Configuration with Strategy=1, N=3, lambda=2s, m1=0.25s, m2=0.25s, pDistribution = uniform(4, 6), vDistribution = uniform(20, 22)",22.34725243165853,22.13701611641929,22.557488746897768,-5.681383187750131,-5.8916195029893705,-5.471146872510892,71.329022102123,22.13701611641929,22.557488746897768,0.040307537842,22.13701611641929,22.557488746897768,2.6689441656880537e-05,2.6505433534397964e-05,2.687344977936311e-05,2.6736538153039942e-05,2.657594684881682e-05,2.6897129457263066e-05,43.35662431941924,1.1615689000588203,[ 5.  6.  7. ... 48. 49. 50.],[2. 1. 2. ... 1. 2. 1.]
Config61,"Configuration with Strategy=0, N=2, lambda=2s, m1=0.25s, m2=0.25s, pDistribution = uniform(8, 10), vDistribution = uniform(14, 16)",15.950338840082567,15.754629075308053,16.146048604857082,-9.284469596174166,-9.48017936094868,-9.088759831399651,76.774066250424,15.754629075308053,16.146048604857082,0.032146912481,15.754629075308053,16.146048604857082,2.704822698872089e-05,2.680248448162745e-05,2.729396949581433e-05,2.6603527627763437e-05,2.6334581595894846e-05,2.6872473659632027e-05,31.270698655703118,0.5000133017638139,[ 0.  1.  2. ... 40. 39. 40.],[1. 0. 1. ... 1. 0. 1.]
Config62,"Configuration with Strategy=1, N=2, lambda=2s, m1=0.25s, m2=0.25s, pDistribution = uniform(8, 10), vDistribution = uniform(14, 16)",22.223818336934308,22.013612557484592,22.434024116384023,-15.557949093025904,-15.768154872475622,-15.347743313576187,71.237738055746,22.013612557484592,22.434024116384023,0.040307537842,22.013612557484592,22.434024116384023,2.6689441656880537e-05,2.6506443755072042e-05,2.687243955868903e-05,2.675370538819628e-05,2.6482471546747316e-05,2.702493922964524e-05,43.60243407707911,0.5,[ 5.  6.  5. ... 50. 49. 50.],[0. 1. 0. ... 1. 0. 1.]
Config63,"Configuration with Strategy=0, N=3, lambda=2s, m1=0.25s, m2=0.25s, pDistribution = uniform(8, 10), vDistribution = uniform(14, 16)",23.986172488795944,23.75717549856385,24.215169479028038,-17.320303244887544,-17.549300235119638,-17.09130625465545,74.332700282718,23.75717549856385,24.215169479028038,0.197649702537,23.75717549856385,24.215169479028038,2.6794566062002632e-05,2.66072393536805e-05,2.6981892770324764e-05,2.6460626587637594e-05,2.6303490544913035e-05,2.6617762630362154e-05,46.80003215347927,1.1667019475021168,[32. 33. 32. ...  2.  1.  2.],[1. 2. 1. ... 2. 1. 2.]
Config64,"Configuration with Strategy=1, N=3, lambda=2s, m1=0.25s, m2=0.25s, pDistribution = uniform(8, 10), vDistribution = uniform(14, 16)",22.34725243165853,22.13701611641929,22.557488746897768,-15.68138318775013,-15.89161950298937,-15.471146872510891,71.329022102123,22.13701611641929,22.557488746897768,0.040307537842,22.13701611641929,22.557488746897768,2.6689441656880537e-05,2.6505433534397964e-05,2.687344977936311e-05,2.6736538153039942e-05,2.657594684881682e-05,2.6897129457263066e-05,43.35662431941924,1.1615689000588203,[ 5.  6.  7. ... 48. 49. 50.],[2. 1. 2. ... 1. 2. 1.]
Config65,"Configuration with Strategy=0, N=2, lambda=2s, m1=0.25s, m2=0.25s, pDistribution = uniform(8, 10), vDistribution = uniform(18, 20)",15.950338840082567,15.754629075308053,16.146048604857082,-5.2844695961741674,-5.480179360948683,-5.088759831399652,76.774066250424,15.754629075308053,16.146048604857082,0.032146912481,15.754629075308053,16.146048604857082,2.704822698872089e-05,2.680248448162745e-05,2.729396949581433e-05,2.6603527627763437e-05,2.6334581595894846e-05,2.6872473659632027e-05,31.270698655703118,0.5000133017638139,[ 0.  1.  2. ... 40. 39. 40.],[1. 0. 1. ... 1. 0. 1.]
Config66,"Configuration with Strategy=1, N=2, lambda=2s, m1=0.25s, m2=0.25s, pDistribution = uniform(8, 10), vDistribution = uniform(18, 20)",22.223818336934308,22.013612557484592,22.434024116384023,-11.557949093025902,-11.76815487247562,-11.347743313576185,71.237738055746,22.013612557484592,22.434024116384023,0.040307537842,22.013612557484592,22.434024116384023,2.6689441656880537e-05,2.6506443755072042e-05,2.687243955868903e-05,2.675370538819628e-05,2.6482471546747316e-05,2.702493922964524e-05,43.60243407707911,0.5,[ 5.  6.  5. ... 50. 49. 50.],[0. 1. 0. ... 1. 0. 1.]
Config67,"Configuration with Strategy=0, N=3, lambda=2s, m1=0.25s, m2=0.25s, pDistribution = uniform(8, 10), vDistribution = uniform(18, 20)",23.986172488795944,23.75717549856385,24.215169479028038,-13.320303244887546,-13.54930023511964,-13.091306254655452,74.332700282718,23.75717549856385,24.215169479028038,0.197649702537,23.75717549856385,24.215169479028038,2.6794566062002632e-05,2.66072393536805e-05,2.6981892770324764e-05,2.6460626587637594e-05,2.6303490544913035e-05,2.6617762630362154e-05,46.80003215347927,1.1667019475021168,[32. 33. 32. ...  2.  1.  2.],[1. 2. 1. ... 2. 1. 2.]
Config68,"Configuration with Strategy=1, N=3, lambda=2s, m1=0.25s, m2=0.25s, pDistribution = uniform(8, 10), vDistribution = uniform(18, 20)",22.34725243165853,22.13701611641929,22.557488746897768,-11.68138318775013,-11.89161950298937,-11.471146872510891,71.329022102123,22.13701611641929,22.557488746897768,0.040307537842,22.13701611641929,22.557488746897768,2.6689441656880537e-05,2.6505433534397964e-05,2.687344977936311e-05,2.6736538153039942e-05,2.657594684881682e-05,2.6897129457263066e-05,43.35662431941924,1.1615689000588203,[ 5.  6.  7. ... 48. 49. 50.],[2. 1. 2. ... 1. 2. 1.]
Config69,"Configuration with Strategy=0, N=2, lambda=2s, m1=0.25s, m2=0.25s, pDistribution = uniform(8, 10), vDistribution = uniform(20, 22)",15.950338840082567,15.754629075308053,16.146048604857082,-3.284469596174167,-3.480179360948682,-3.088759831399652,76.774066250424,15.754629075308053,16.146048604857082,0.032146912481,15.754629075308053,16.146048604857082,2.704822698872089e-05,2.680248448162745e-05,2.729396949581433e-05,2.6603527627763437e-05,2.6334581595894846e-05,2.6872473659632027e-05,31.270698655703118,0.5000133017638139,[ 0.  1.  2. ... 40. 39. 40.],[1. 0. 1. ... 1. 0. 1.]
Config70,"Configuration with Strategy=1, N=2, lambda=2s, m1=0.25s, m2=0.25s, pDistribution = uniform(8, 10), vDistribution = uniform(20, 22)",22.223818336934308,22.013612557484592,22.434024116384023,-9.557949093025904,-9.768154872475622,-9.347743313576187,71.237738055746,22.013612557484592,22.434024116384023,0.040307537842,22.013612557484592,22.434024116384023,2.6689441656880537e-05,2.6506443755072042e-05,2.687243955868903e-05,2.675370538819628e-05,2.6482471546747316e-05,2.702493922964524e-05,43.60243407707911,0.5,[ 5.  6.  5. ... 50. 49. 50.],[0. 1. 0. ... 1. 0. 1.]
Config71,"Configuration with Strategy=0, N=3, lambda=2s, m1=0.25s, m2=0.25s, pDistribution = uniform(8, 10), vDistribution = uniform(20, 22)",23.986172488795944,23.75717549856385,24.215169479028038,-11.320303244887548,-11.549300235119642,-11.091306254655454,74.332700282718,23.75717549856385,24.215169479028038,0.197649702537,23.75717549856385,24.215169479028038,2.6794566062002632e-05,2.66072393536805e-05,2.6981892770324764e-05,2.6460626587637594e-05,2.6303490544913035e-05,2.6617762630362154e-05,46.80003215347927,1.1667019475021168,[32. 33. 32. ...  2.  1.  2.],[1. 2. 1. ... 2. 1. 2.]
Config72,"Configuration with Strategy=1, N=3, lambda=2s, m1=0.25s, m2=0.25s, pDistribution = uniform(8, 10), vDistribution = uniform(20, 22)",22.34725243165853,22.13701611641929,22.557488746897768,-9.68138318775013,-9.89161950298937,-9.471146872510891,71.329022102123,22.13701611641929,22.557488746897768,0.040307537842,22.13701611641929,22.557488746897768,2.6689441656880537e-05,2.6505433534397964e-05,2.687344977936311e-05,2.6736538153039942e-05,2.657594684881682e-05,2.6897129457263066e-05,43.35662431941924,1.1615689000588203,[ 5.  6.  7. ... 48. 49. 50.],[2. 1. 2. ... 1. 2. 1.]
